chr	start	end	V	T	S	E	B	A_z	A_u	A_s	A_m	A_b
chr05	20379	249469	0.001428620456073467	0.006439698325384403	0.0036367907914506316	0.0013634675368976138	0.004088522875303655	0.013420091723474388	0.0052208267922553625	0.008687445333391247	0.049787022972096424	0.4974949136949256
chr05	249473	415947	0.003024216458519444	0.006268307607647542	0.0010337707967970967	0.0012834654085311465	0.005844082074839619	0.008729978807280816	0.009691414266742882	0.026889439537886112	0.034511421162161465	0.7802357508722824
chr05	415949	563658	0.001141280176007898	0.006843992027835188	0.000954611748491046	0.0014005449231954577	0.004180267774087718	0.003954185228289275	0.001023402709198979	0.002547630674154931	0.029064594149596504	0.7744059056767079
chr05	563668	1739066	0.0011352851762546114	0.018343923400581136	0.0012632732297848577	0.0027839825863472953	0.00683835407224693	0.07039157828613683	0.015552256772301667	0.2191202188066722	0.15102747152008034	0.5934004678661897
chr06	20379	249469	0.001428620456073467	0.006439698325384403	0.0036367907914506316	0.0013634675368976138	0.004088522875303655	0.013420091723474388	0.0052208267922553625	0.008687445333391247	0.049787022972096424	0.4974949136949256
chr06	249473	415947	0.003024216458519444	0.006268307607647542	0.0010337707967970967	0.0012834654085311465	0.005844082074839619	0.008729978807280816	0.009691414266742882	0.026889439537886112	0.034511421162161465	0.7802357508722824
chr06	415949	563658	0.001141280176007898	0.006843992027835188	0.000954611748491046	0.0014005449231954577	0.004180267774087718	0.003954185228289275	0.001023402709198979	0.002547630674154931	0.029064594149596504	0.7744059056767079
chr06	563668	1739066	0.0011352851762546114	0.018343923400581136	0.0012632732297848577	0.0027839825863472953	0.00683835407224693	0.07039157828613683	0.015552256772301667	0.2191202188066722	0.15102747152008034	0.5934004678661897